first_name,last_name,email
Robert,Bowers,robertbowers@example.com
Lisa,Butler,lisabutler@example.org
Ray,Boyd,rayboyd@example.org
Caitlin,Martinez,caitlinmartinez@example.com
Donna,Blankenship,donnablankenship@example.net
Eric,Parker,ericparker@example.org
Teresa,Gross,teresagross@example.org
Matthew,Nguyen,matthewnguyen@example.org
Daniel,Davis,danieldavis@example.org
Robert,Mccann,robertmccann@example.org
Bianca,Allen,biancaallen@example.org
Jeff,Lee,jefflee@example.com
Sharon,Sims,sharonsims@example.net
Christopher,Elliott,christopherelliott@example.com
Evelyn,Brown,evelynbrown@example.net
Lindsey,Garner,lindseygarner@example.com
Jessica,Stone,jessicastone@example.com
Sheena,Ward,sheenaward@example.com
Vickie,Anderson,vickieanderson@example.net
Kyle,Wright,kylewright@example.org
Matthew,Rodriguez,matthewrodriguez@example.com
James,Cole,jamescole@example.net
Natalie,Harrison,natalieharrison@example.com
Debra,Nguyen,debranguyen@example.org
Mallory,Evans,malloryevans@example.net
Robert,Castro,robertcastro@example.com
Anna,Kim,annakim@example.org
Tammy,Shaw,tammyshaw@example.com
Billy,Cruz,billycruz@example.net
Lisa,Golden,lisagolden@example.org
Linda,Klein,lindaklein@example.net
Mark,Bell,markbell@example.org
Jamie,Vega,jamievega@example.org
Lindsey,Taylor,lindseytaylor@example.net
Sydney,Zavala,sydneyzavala@example.com
Dawn,Hughes,dawnhughes@example.org
James,Serrano,jamesserrano@example.com
Jennifer,Swanson,jenniferswanson@example.com
Susan,Kent,susankent@example.org
David,Johnson,davidjohnson@example.net
Samantha,Gonzalez,samanthagonzalez@example.com
Daniel,Martin,danielmartin@example.com
Richard,Wise,richardwise@example.org
Drew,Fletcher,drewfletcher@example.net
Cindy,Lopez,cindylopez@example.net
Jessica,Foley,jessicafoley@example.org
Kyle,Nguyen,kylenguyen@example.net
David,Martinez,davidmartinez@example.net
Travis,Roberts,travisroberts@example.org
Sarah,Jones,sarahjones@example.com
Andrew,Knight,andrewknight@example.org
Lori,Hoover,lorihoover@example.net
Kristen,Hudson,kristenhudson@example.com
Lindsey,Nicholson,lindseynicholson@example.com
Michael,Gray,michaelgray@example.org
Jasmine,Bradford,jasminebradford@example.net
Andrew,Brooks,andrewbrooks@example.org
James,Peterson,jamespeterson@example.org
Kyle,Nelson,kylenelson@example.net
Allen,Pollard,allenpollard@example.com
Kayla,Douglas,kayladouglas@example.net
Edwin,Ballard,edwinballard@example.com
Mary,Lawrence,marylawrence@example.com
Mary,Griffith,marygriffith@example.net
Anthony,Phillips,anthonyphillips@example.org
Jocelyn,Yu,jocelynyu@example.com
Scott,Newton,scottnewton@example.org
Terry,Davis,terrydavis@example.com
Stephen,Sanchez,stephensanchez@example.org
Meghan,Anderson,meghananderson@example.org
Paul,Russell,paulrussell@example.org
Sherry,Moore,sherrymoore@example.com
Benjamin,Taylor,benjamintaylor@example.net
Terri,Armstrong,terriarmstrong@example.com
Colleen,Brewer,colleenbrewer@example.net
Heather,Gray,heathergray@example.org
Todd,Cantu,toddcantu@example.com
Amy,Horton,amyhorton@example.org
Jason,Park,jasonpark@example.org
Gerald,Adams,geraldadams@example.com
Daniel,Jackson,danieljackson@example.net
Amanda,Garner,amandagarner@example.org
Kristen,Nixon,kristennixon@example.net
Jennifer,Barber,jenniferbarber@example.com
Shane,Austin,shaneaustin@example.org
Chad,Beltran,chadbeltran@example.com
Rachel,Castro,rachelcastro@example.org
Samantha,Pena,samanthapena@example.org
Victor,Kelly,victorkelly@example.net
Sarah,Ford,sarahford@example.net
Katie,Sanchez,katiesanchez@example.net
Barbara,Brown,barbarabrown@example.com
Eric,Clark,ericclark@example.com
Joseph,Jones,josephjones@example.org
William,Diaz,williamdiaz@example.org
David,Wilson,davidwilson@example.org
Catherine,Nelson,catherinenelson@example.org
Luis,Hayden,luishayden@example.com
Kyle,Pitts,kylepitts@example.net
Michael,Bennett,michaelbennett@example.org
Andrew,Jones,andrewjones@example.net
Lisa,Stewart,lisastewart@example.org
Matthew,Mccormick,matthewmccormick@example.com
Michael,Davis,michaeldavis@example.org
Valerie,Frederick,valeriefrederick@example.org
Linda,Mendoza,lindamendoza@example.org
Virginia,Wells,virginiawells@example.net
Albert,Washington,albertwashington@example.com
Anthony,Robinson,anthonyrobinson@example.com
Michelle,Turner,michelleturner@example.net
James,Smith,jamessmith@example.net
Suzanne,Miller,suzannemiller@example.net
Jennifer,Williams,jenniferwilliams@example.net
Michael,Johnson,michaeljohnson@example.net
Jocelyn,Contreras,jocelyncontreras@example.net
Gabriela,Allen,gabrielaallen@example.org
Dawn,Moore,dawnmoore@example.com
Patrick,Williams,patrickwilliams@example.org
James,Bishop,jamesbishop@example.com
Carrie,Reed,carriereed@example.net
Rebecca,Palmer,rebeccapalmer@example.net
Amanda,Castaneda,amandacastaneda@example.com
Alan,Lopez,alanlopez@example.org
Paul,Johnson,pauljohnson@example.org
Nicholas,Mason,nicholasmason@example.org
Christopher,Ramirez,christopherramirez@example.org
Meagan,Holland,meaganholland@example.org
Danielle,Cobb,daniellecobb@example.net
Timothy,Park,timothypark@example.net
Nancy,Bailey,nancybailey@example.com
Julia,Singleton,juliasingleton@example.com
Sherry,Moyer,sherrymoyer@example.net
Angela,Hines,angelahines@example.com
Jennifer,Oconnor,jenniferoconnor@example.com
Daniel,Henry,danielhenry@example.net
Linda,Moon,lindamoon@example.net
Kevin,Estrada,kevinestrada@example.net
Carla,Byrd,carlabyrd@example.net
Ashley,Patel,ashleypatel@example.net
David,Rodriguez,davidrodriguez@example.net
Brandon,Sanders,brandonsanders@example.org
Maureen,Briggs,maureenbriggs@example.org
Linda,James,lindajames@example.net
Steven,Sullivan,stevensullivan@example.org
John,Caldwell,johncaldwell@example.net
Lori,Warren,loriwarren@example.net
Michael,Maxwell,michaelmaxwell@example.com
Terri,Heath,terriheath@example.org
Jonathan,Williams,jonathanwilliams@example.net
Michael,Martinez,michaelmartinez@example.com
Randy,Lyons,randylyons@example.com
Charles,Becker,charlesbecker@example.net
Lee,Mcdonald,leemcdonald@example.org
Andrew,Nicholson,andrewnicholson@example.net
Cynthia,Johnson,cynthiajohnson@example.com
Douglas,Berg,douglasberg@example.net
John,Franklin,johnfranklin@example.org
Kristina,Allen,kristinaallen@example.org
Tina,Krueger,tinakrueger@example.com
Michelle,Hall,michellehall@example.net
Jessica,Schultz,jessicaschultz@example.com
Andrew,Peters,andrewpeters@example.net
Yvonne,Fox,yvonnefox@example.com
David,Greene,davidgreene@example.com
Nathan,Reynolds,nathanreynolds@example.net
Ashley,Singh,ashleysingh@example.net
Marie,Williams,mariewilliams@example.net
Jill,Farley,jillfarley@example.net
Jeffrey,Duncan,jeffreyduncan@example.org
Christopher,Levy,christopherlevy@example.org
Christopher,Hoover,christopherhoover@example.net
Danny,Robinson,dannyrobinson@example.org
Timothy,Johnston,timothyjohnston@example.com
Suzanne,Weaver,suzanneweaver@example.org
Patricia,Williams,patriciawilliams@example.net
Kathleen,Gillespie,kathleengillespie@example.com
Julie,Murray,juliemurray@example.org
Carol,Riley,carolriley@example.org
Cathy,Wilson,cathywilson@example.org
Shannon,Johnson,shannonjohnson@example.net
Gabriella,Fleming,gabriellafleming@example.com
Jacqueline,Aguilar,jacquelineaguilar@example.net
Jason,Larson,jasonlarson@example.net
Adrian,Weaver,adrianweaver@example.net
Michael,Ferguson,michaelferguson@example.net
Derek,Powell,derekpowell@example.net
Todd,Rogers,toddrogers@example.org
Mark,Harris,markharris@example.com
Jennifer,Blanchard,jenniferblanchard@example.org
Anna,Shaw,annashaw@example.net
Rebecca,Cantrell,rebeccacantrell@example.net
Chase,Patterson,chasepatterson@example.org
Ana,Sweeney,anasweeney@example.org
Elizabeth,Sawyer,elizabethsawyer@example.net
Patricia,Oneal,patriciaoneal@example.com
Michelle,Edwards,michelleedwards@example.com
Michael,Patterson,michaelpatterson@example.org
Michael,Stein,michaelstein@example.net
Jenna,Ellis,jennaellis@example.net
Adrienne,Powell,adriennepowell@example.org
Brandon,Jones,brandonjones@example.net
Craig,Stanley,craigstanley@example.org
Tammy,Mccarty,tammymccarty@example.org
Edward,Becker,edwardbecker@example.org
Sarah,Cruz,sarahcruz@example.com
Erin,Collins,erincollins@example.net
Jerry,Murphy,jerrymurphy@example.com
Stephanie,Rivera,stephanierivera@example.net
Renee,Hunter,reneehunter@example.net
Meghan,Lucas,meghanlucas@example.net
Nicole,Reese,nicolereese@example.com
James,Armstrong,jamesarmstrong@example.net
Priscilla,Taylor,priscillataylor@example.org
Jacob,Malone,jacobmalone@example.net
Elijah,Jensen,elijahjensen@example.org
Leslie,Thomas,lesliethomas@example.net
Courtney,Mccoy,courtneymccoy@example.com
Robin,Thompson,robinthompson@example.org
Angelica,White,angelicawhite@example.net
Lydia,Forbes,lydiaforbes@example.com
Taylor,Phelps,taylorphelps@example.net
Jonathan,Williams,jonathanwilliams@example.net
Christina,Williams,christinawilliams@example.com
Austin,Swanson,austinswanson@example.org
George,Evans,georgeevans@example.org
Samantha,Schultz,samanthaschultz@example.com
Donald,Murphy,donaldmurphy@example.org
Stephen,Henry,stephenhenry@example.org
Kenneth,Miller,kennethmiller@example.org
Catherine,Kelly,catherinekelly@example.org
Christine,Vargas,christinevargas@example.org
Donna,Davis,donnadavis@example.net
Lori,Harris,loriharris@example.com
William,Clark,williamclark@example.net
Stephen,Williams,stephenwilliams@example.com
Tanner,Brooks,tannerbrooks@example.net
Jennifer,Greene,jennifergreene@example.net
Robert,Ward,robertward@example.net
Brenda,Chen,brendachen@example.com
Erik,Richardson,erikrichardson@example.org
Jennifer,Cruz,jennifercruz@example.net
Crystal,Rangel,crystalrangel@example.com
Michele,Williams,michelewilliams@example.net
Carrie,Hernandez,carriehernandez@example.org
Stephen,Anderson,stephenanderson@example.org
Julie,Baird,juliebaird@example.net
Christina,Doyle,christinadoyle@example.net
Michael,Bishop,michaelbishop@example.org
Kylie,Rios,kylierios@example.net
Scott,Deleon,scottdeleon@example.com
Rose,Olson,roseolson@example.net
Peter,Ross,peterross@example.com
James,Wilson,jameswilson@example.net
Holly,Dickson,hollydickson@example.net
Curtis,Brown,curtisbrown@example.com
Mark,Lloyd,marklloyd@example.net
Jennifer,Marks,jennifermarks@example.org
Shane,Sims,shanesims@example.com
Kayla,Stokes,kaylastokes@example.com
Stephanie,Bell,stephaniebell@example.org
Patricia,Brown,patriciabrown@example.net
Sarah,Cooper,sarahcooper@example.org
Alexander,Waller,alexanderwaller@example.com
Tonya,Morales,tonyamorales@example.com
Tammy,Ortega,tammyortega@example.com
Catherine,Parker,catherineparker@example.net
Mark,Terry,markterry@example.net
Nancy,Macias,nancymacias@example.org
Monique,Cox,moniquecox@example.org
Sarah,Pruitt,sarahpruitt@example.com
John,Hicks,johnhicks@example.net
Kayla,Gay,kaylagay@example.com
Frank,Ayers,frankayers@example.org
Caleb,Carey,calebcarey@example.com
Amy,Jones,amyjones@example.org
Jose,Farmer,josefarmer@example.com
Richard,Dyer,richarddyer@example.org
Maria,Strong,mariastrong@example.com
Joseph,Sheppard,josephsheppard@example.net
Samuel,Bonilla,samuelbonilla@example.net
Kayla,Brooks,kaylabrooks@example.org
Elizabeth,Lopez,elizabethlopez@example.org
Randall,Hudson,randallhudson@example.net
Wyatt,Smith,wyattsmith@example.org
Jeffery,Ortega,jefferyortega@example.org
Thomas,Sims,thomassims@example.org
Lucas,Price,lucasprice@example.org
Deborah,Jackson,deborahjackson@example.net
Danny,Grant,dannygrant@example.com
Kyle,Jordan,kylejordan@example.org
Laura,Porter,lauraporter@example.net
Cassidy,Johnson,cassidyjohnson@example.com
Jessica,Strong,jessicastrong@example.org
Krista,West,kristawest@example.org
Karla,Mcneil,karlamcneil@example.net
Laura,Taylor,laurataylor@example.com
James,Tanner,jamestanner@example.net
Sean,Hutchinson,seanhutchinson@example.com
Leslie,Davis,lesliedavis@example.com
Jimmy,Cobb,jimmycobb@example.net
Kenneth,Cunningham,kennethcunningham@example.org
Kevin,Key,kevinkey@example.net
Max,Stewart,maxstewart@example.org
Kevin,Nelson,kevinnelson@example.net
Brian,Lin,brianlin@example.com
Jessica,Daugherty,jessicadaugherty@example.com
Jared,Navarro,jarednavarro@example.net
Sergio,Nelson,sergionelson@example.net
Gregory,Costa,gregorycosta@example.org
Elizabeth,Bowers,elizabethbowers@example.com
Eugene,Levy,eugenelevy@example.org
Kristen,Alvarez,kristenalvarez@example.com
Dean,Richardson,deanrichardson@example.org
Makayla,Wright,makaylawright@example.com
Ann,Hill,annhill@example.org
Cheryl,Huang,cherylhuang@example.com
Mary,Thompson,marythompson@example.net
Miranda,Martinez,mirandamartinez@example.net
Jillian,Hernandez,jillianhernandez@example.org
Amanda,Graham,amandagraham@example.com
Richard,Taylor,richardtaylor@example.net
Mary,Perez,maryperez@example.com
Jessica,Dominguez,jessicadominguez@example.com
Katrina,Travis,katrinatravis@example.org
Elizabeth,Snyder,elizabethsnyder@example.org
Andrew,Evans,andrewevans@example.com
Adam,Bell,adambell@example.org
Joshua,Martin,joshuamartin@example.org
Eric,Scott,ericscott@example.com
Anthony,Fuller,anthonyfuller@example.net
Lauren,Spears,laurenspears@example.net
Maria,Young,mariayoung@example.org
Dave,Bailey,davebailey@example.net
Lori,Conner,loriconner@example.org
Joshua,Mason,joshuamason@example.org
Candace,Paul,candacepaul@example.org
William,Martinez,williammartinez@example.net
Tammy,Kennedy,tammykennedy@example.com
Michael,Lang,michaellang@example.org
Haley,Guzman,haleyguzman@example.net
Mindy,Brown,mindybrown@example.org
Allison,Howard,allisonhoward@example.net
Justin,Branch,justinbranch@example.net
Charles,Daniels,charlesdaniels@example.net
John,Richards,johnrichards@example.org
Andrea,Hardy,andreahardy@example.com
Susan,Williams,susanwilliams@example.com
Katherine,Kennedy,katherinekennedy@example.org
Joshua,Perez,joshuaperez@example.org
Manuel,Calhoun,manuelcalhoun@example.com
Johnny,Brown,johnnybrown@example.net
Stephanie,Garrison,stephaniegarrison@example.com
Jacob,Carson,jacobcarson@example.org
Mary,Johnson,maryjohnson@example.org
David,Stephenson,davidstephenson@example.net
Justin,Webb,justinwebb@example.net
Russell,Evans,russellevans@example.org
Marissa,Joseph,marissajoseph@example.org
Peter,Johnson,peterjohnson@example.org
Kevin,Collins,kevincollins@example.org
Kenneth,Hoffman,kennethhoffman@example.org
Amy,Williams,amywilliams@example.net
Christopher,Roberts,christopherroberts@example.net
Ashley,Haynes,ashleyhaynes@example.net
Emily,Thompson,emilythompson@example.com
Luis,Griffin,luisgriffin@example.com
William,Martin,williammartin@example.com
Andrea,Hernandez,andreahernandez@example.org
Cynthia,Barber,cynthiabarber@example.com
Michael,French,michaelfrench@example.net
Paula,Kerr,paulakerr@example.org
David,Holden,davidholden@example.com
Peter,Huang,peterhuang@example.net
Erika,Farmer,erikafarmer@example.net
Roger,Palmer,rogerpalmer@example.org
Donna,Hall,donnahall@example.org
Haley,Taylor,haleytaylor@example.org
Sabrina,Brooks,sabrinabrooks@example.net
James,Hamilton,jameshamilton@example.com
Richard,Conley,richardconley@example.com
Gregory,Woodard,gregorywoodard@example.com
Vanessa,Mcdonald,vanessamcdonald@example.com
John,Haynes,johnhaynes@example.com
Peter,Middleton,petermiddleton@example.org
Emma,Ruiz,emmaruiz@example.net
Diane,Mccann,dianemccann@example.org
Michelle,Wong,michellewong@example.com
Anita,Flores,anitaflores@example.net
Ashley,Lopez,ashleylopez@example.org
Daniel,Willis,danielwillis@example.org
David,Holloway,davidholloway@example.org
Courtney,Hutchinson,courtneyhutchinson@example.net
John,James,johnjames@example.org
Amy,Lee,amylee@example.com
Latasha,Martin,latashamartin@example.com
Rachel,Bowman,rachelbowman@example.com
Angela,Macdonald,angelamacdonald@example.net
William,Hunter,williamhunter@example.com
Joyce,Vega,joycevega@example.org
Elizabeth,Walker,elizabethwalker@example.org
Michele,Cox,michelecox@example.com
Robert,Garcia,robertgarcia@example.com
Karl,White,karlwhite@example.net
Anthony,Brown,anthonybrown@example.com
Jason,Williams,jasonwilliams@example.org
Jennifer,Brown,jenniferbrown@example.net
Zachary,Thomas,zacharythomas@example.com
Stephanie,Nolan,stephanienolan@example.com
John,Summers,johnsummers@example.net
Darlene,Bradley,darlenebradley@example.net
Suzanne,Walker,suzannewalker@example.net
William,Baker,williambaker@example.org
Joseph,Bird,josephbird@example.net
Roberto,Flores,robertoflores@example.com
Cole,Harrington,coleharrington@example.org
Melanie,Patrick,melaniepatrick@example.org
Crystal,Miller,crystalmiller@example.net
Miguel,Curry,miguelcurry@example.com
Carla,Stafford,carlastafford@example.net
Emily,Mckenzie,emilymckenzie@example.com
Leah,Lawrence,leahlawrence@example.net
David,Green,davidgreen@example.net
Curtis,Alexander,curtisalexander@example.org
Chelsea,Pearson,chelseapearson@example.net
Thomas,Hoffman,thomashoffman@example.com
Patrick,Sloan,patricksloan@example.org
David,Hill,davidhill@example.net
Tamara,Sanchez,tamarasanchez@example.net
Jeremy,Wilson,jeremywilson@example.net
Christopher,Martinez,christophermartinez@example.net
Robert,Hines,roberthines@example.org
Brendan,Hill,brendanhill@example.net
Brett,Martinez,brettmartinez@example.net
Anthony,Frazier,anthonyfrazier@example.org
Zachary,Moore,zacharymoore@example.org
Cassandra,Alexander,cassandraalexander@example.org
Andrew,Gates,andrewgates@example.com
Tonya,Cervantes,tonyacervantes@example.com
Edward,Stanton,edwardstanton@example.org
Stacy,Garcia,stacygarcia@example.net
Nicholas,Andrews,nicholasandrews@example.com
Christopher,Garcia,christophergarcia@example.net
Diana,Leon,dianaleon@example.net
Karen,Hale,karenhale@example.org
Christopher,Miller,christophermiller@example.com
William,Contreras,williamcontreras@example.org
Michael,Warren,michaelwarren@example.com
Brandy,Blevins,brandyblevins@example.com
Brian,Taylor,briantaylor@example.net
Jennifer,Moore,jennifermoore@example.com
Rachel,Santos,rachelsantos@example.net
Randy,Shaw,randyshaw@example.net
Alexander,Thompson,alexanderthompson@example.com
Robert,Johnson,robertjohnson@example.com
Chelsea,Elliott,chelseaelliott@example.com
Phillip,Bartlett,phillipbartlett@example.com
Mark,Bridges,markbridges@example.com
Peter,Rhodes,peterrhodes@example.org
Ernest,Taylor,ernesttaylor@example.org
Taylor,Curtis,taylorcurtis@example.net
Preston,Torres,prestontorres@example.net
Joshua,Mcdowell,joshuamcdowell@example.com
Michael,Hale,michaelhale@example.com
Beth,Cummings,bethcummings@example.org
Adrian,Evans,adrianevans@example.org
Barbara,Graham,barbaragraham@example.org
Adam,Moore,adammoore@example.org
Sarah,Barnes,sarahbarnes@example.net
Alexander,Wells,alexanderwells@example.org
Sean,Herrera,seanherrera@example.org
Jessica,Miller,jessicamiller@example.org
Mike,Stevens,mikestevens@example.org
Susan,Edwards,susanedwards@example.net
Andrew,Hill,andrewhill@example.org
Michael,Vaughn,michaelvaughn@example.org
Sarah,Cook,sarahcook@example.org
Rebecca,Solomon,rebeccasolomon@example.com
Riley,Bailey,rileybailey@example.com
Amy,Sullivan,amysullivan@example.org
Kevin,James,kevinjames@example.org
Sherry,Miller,sherrymiller@example.org
Joshua,Soto,joshuasoto@example.com
Michelle,Daniels,michelledaniels@example.com
Nichole,Gardner,nicholegardner@example.net
Julie,Shaw,julieshaw@example.net
Gregory,George,gregorygeorge@example.com
Richard,Miller,richardmiller@example.org
Kimberly,Martin,kimberlymartin@example.org
Jennifer,Reynolds,jenniferreynolds@example.net
Kimberly,Scott,kimberlyscott@example.com
Andrew,Anderson,andrewanderson@example.com
Vicki,Chandler,vickichandler@example.com
Jennifer,Miles,jennifermiles@example.com
Johnathan,Ray,johnathanray@example.net
Roger,Williams,rogerwilliams@example.com
James,Johnson,jamesjohnson@example.net
Samantha,Lane,samanthalane@example.net
Susan,Farrell,susanfarrell@example.com
Michael,Schultz,michaelschultz@example.net
Michael,Rios,michaelrios@example.com
Jonathan,Parker,jonathanparker@example.net
Jaclyn,Harris,jaclynharris@example.net
Alexander,Lee,alexanderlee@example.net
Elizabeth,Francis,elizabethfrancis@example.com
Lisa,Bentley,lisabentley@example.org
Karen,Craig,karencraig@example.net
Isaac,Becker,isaacbecker@example.com
Christina,Wilson,christinawilson@example.com
John,Solis,johnsolis@example.net
Kathleen,Taylor,kathleentaylor@example.net
Kyle,Rivera,kylerivera@example.net
Angela,Griffin,angelagriffin@example.net
Christopher,Dennis,christopherdennis@example.org
Kimberly,Williams,kimberlywilliams@example.org
Lori,Wilson,loriwilson@example.org
Diana,Moore,dianamoore@example.org
Sheila,Brennan,sheilabrennan@example.com
Stacey,Miller,staceymiller@example.org
Kevin,Wyatt,kevinwyatt@example.net
Robert,Green,robertgreen@example.com
Teresa,York,teresayork@example.com
Nina,Smith,ninasmith@example.com
Scott,King,scottking@example.com
Nathaniel,Calderon,nathanielcalderon@example.net
Clayton,Brewer,claytonbrewer@example.net
Robin,Cross,robincross@example.net
Philip,Mitchell,philipmitchell@example.net
Victoria,Gallagher,victoriagallagher@example.org
Joshua,Stein,joshuastein@example.com
Erik,Gomez,erikgomez@example.com
Andrew,Miller,andrewmiller@example.org
Kyle,Brown,kylebrown@example.net
James,Nelson,jamesnelson@example.org
Terry,Carlson,terrycarlson@example.com
Rachel,Bryant,rachelbryant@example.net
Philip,Peterson,philippeterson@example.com
Crystal,Nunez,crystalnunez@example.org
Steven,Thompson,steventhompson@example.net
Andres,Jennings,andresjennings@example.org
John,Leonard,johnleonard@example.net
Erin,Foley,erinfoley@example.org
Michael,Black,michaelblack@example.net
Taylor,Curtis,taylorcurtis@example.org
Kyle,Perez,kyleperez@example.org
Michelle,Harrison,michelleharrison@example.org
Jacob,Diaz,jacobdiaz@example.com
Scott,Smith,scottsmith@example.net
Yolanda,Mack,yolandamack@example.org
Gina,Hess,ginahess@example.org
Colleen,Reilly,colleenreilly@example.org
Diana,Anderson,dianaanderson@example.com
Anthony,Taylor,anthonytaylor@example.net
Timothy,Dawson,timothydawson@example.com
Kathy,Garcia,kathygarcia@example.net
Christopher,Brooks,christopherbrooks@example.com
Sara,Mathews,saramathews@example.org
Jamie,Bell,jamiebell@example.com
Nathan,Conway,nathanconway@example.com
Dale,Graves,dalegraves@example.org
Heather,Duffy,heatherduffy@example.org
Maria,Mclaughlin,mariamclaughlin@example.net
Elizabeth,Owens,elizabethowens@example.com
Paul,Hines,paulhines@example.com
Elizabeth,Calderon,elizabethcalderon@example.net
Alan,Moyer,alanmoyer@example.org
Christy,Smith,christysmith@example.org
Kim,Khan,kimkhan@example.org
Ariana,Martin,arianamartin@example.net
Alan,Nelson,alannelson@example.net
Jacob,Porter,jacobporter@example.net
Adrienne,Moses,adriennemoses@example.com
Janice,Carter,janicecarter@example.com
Steven,Lopez,stevenlopez@example.net
Shelia,Franklin,sheliafranklin@example.com
John,Ross,johnross@example.org
David,Wong,davidwong@example.org
Stacy,Grant,stacygrant@example.org
Travis,Bell,travisbell@example.org
Kevin,Aguilar,kevinaguilar@example.net
Kevin,Lara,kevinlara@example.org
Karen,Lopez,karenlopez@example.net
Brandon,Conrad,brandonconrad@example.net
Robert,Sanchez,robertsanchez@example.org
Joseph,Love,josephlove@example.net
Rebecca,Stephenson,rebeccastephenson@example.org
Jason,Walker,jasonwalker@example.com
Jason,Butler,jasonbutler@example.com
Sarah,Cox,sarahcox@example.com
Amber,Henderson,amberhenderson@example.org
Justin,Peters,justinpeters@example.net
Samantha,Hansen,samanthahansen@example.com
Brandi,Hernandez,brandihernandez@example.org
Monique,Hopkins,moniquehopkins@example.org
Corey,Graves,coreygraves@example.com
Lucas,Horton,lucashorton@example.com
Derrick,Clay,derrickclay@example.net
Kristina,Sandoval,kristinasandoval@example.com
Roy,Delgado,roydelgado@example.org
Bradley,Atkins,bradleyatkins@example.org
Angela,David,angeladavid@example.org
Frederick,Hall,frederickhall@example.com
Corey,Deleon,coreydeleon@example.com
Alexander,Rodriguez,alexanderrodriguez@example.net
Leah,Moran,leahmoran@example.com
Theresa,Ramos,theresaramos@example.com
Robert,Johnston,robertjohnston@example.org
Jonathan,Hopkins,jonathanhopkins@example.com
James,Weaver,jamesweaver@example.org
Stephanie,Coffey,stephaniecoffey@example.net
Ann,Newton,annnewton@example.org
Taylor,Torres,taylortorres@example.net
Kaylee,Lawrence,kayleelawrence@example.com
Jacqueline,Bailey,jacquelinebailey@example.org
Lisa,Pittman,lisapittman@example.net
Jennifer,Valenzuela,jennifervalenzuela@example.com
Deanna,Higgins,deannahiggins@example.com
Maureen,Chambers,maureenchambers@example.com
Steven,Tate,steventate@example.com
Heidi,Gentry,heidigentry@example.com
Brandy,Taylor,brandytaylor@example.org
Jason,Owen,jasonowen@example.com
Kathleen,Paul,kathleenpaul@example.net
Rick,Kane,rickkane@example.org
Michael,Martin,michaelmartin@example.net
Misty,Johnson,mistyjohnson@example.org
Katrina,Nunez,katrinanunez@example.org
Darren,Moore,darrenmoore@example.org
Alisha,Strickland,alishastrickland@example.org
Breanna,Robinson,breannarobinson@example.net
Samantha,Smith,samanthasmith@example.com
Tracey,Johnson,traceyjohnson@example.com
Alyssa,James,alyssajames@example.org
Lauren,Rangel,laurenrangel@example.com
Ruth,Rice,ruthrice@example.com
Robin,Greene,robingreene@example.com
James,Parrish,jamesparrish@example.org
Micheal,Nichols,michealnichols@example.net
Ronald,Yang,ronaldyang@example.com
Julie,Jones,juliejones@example.org
Dawn,Khan,dawnkhan@example.org
Madison,Lopez,madisonlopez@example.net
Linda,Daniels,lindadaniels@example.net
Cory,Thomas,corythomas@example.net
Steven,May,stevenmay@example.org
Debra,Hill,debrahill@example.net
Patrick,King,patrickking@example.org
William,Graves,williamgraves@example.net
Mackenzie,Garza,mackenziegarza@example.com
Jessica,Perez,jessicaperez@example.com
Michael,Riley,michaelriley@example.net
Madison,Johnson,madisonjohnson@example.org
Amy,Trujillo,amytrujillo@example.com
Richard,Bryant,richardbryant@example.org
Kiara,Smith,kiarasmith@example.com
Andrew,Evans,andrewevans@example.org
Mark,Moore,markmoore@example.net
Kristen,Mayer,kristenmayer@example.com
Janet,Owens,janetowens@example.net
Patrick,Lewis,patricklewis@example.com
Maria,Vincent,mariavincent@example.org
Victoria,Conway,victoriaconway@example.org
Lisa,Barnes,lisabarnes@example.org
Barry,Benjamin,barrybenjamin@example.net
Benjamin,Owens,benjaminowens@example.com
Karl,Wagner,karlwagner@example.com
Kelly,Miles,kellymiles@example.net
Amber,Peterson,amberpeterson@example.org
Kenneth,Ortiz,kennethortiz@example.net
Gene,Martin,genemartin@example.com
James,George,jamesgeorge@example.com
Laura,Stewart,laurastewart@example.com
Derrick,Wolf,derrickwolf@example.com
Scott,Lewis,scottlewis@example.com
Linda,Kaufman,lindakaufman@example.net
Chad,Cantrell,chadcantrell@example.org
Cole,Mccoy,colemccoy@example.org
Suzanne,Sanchez,suzannesanchez@example.com
Veronica,Bass,veronicabass@example.com
Miguel,Peters,miguelpeters@example.net
Brenda,Moore,brendamoore@example.org
Crystal,Parker,crystalparker@example.com
Nicholas,Bryant,nicholasbryant@example.org
Alyssa,Roach,alyssaroach@example.org
Mackenzie,Cooper,mackenziecooper@example.net
Randy,Gonzales,randygonzales@example.com
Amanda,Smith,amandasmith@example.net
Joseph,Castillo,josephcastillo@example.net
Lisa,Williamson,lisawilliamson@example.org
James,Brooks,jamesbrooks@example.org
John,Lopez,johnlopez@example.net
Laurie,Miller,lauriemiller@example.com
William,Palmer,williampalmer@example.org
Michael,Brooks,michaelbrooks@example.com
Sean,Mitchell,seanmitchell@example.net
Stacey,Williams,staceywilliams@example.org
Anthony,Frye,anthonyfrye@example.com
Tracy,Mullins,tracymullins@example.com
Debbie,Moran,debbiemoran@example.net
Tanya,Simmons,tanyasimmons@example.net
Marie,Mcintosh,mariemcintosh@example.net
Sheila,Torres,sheilatorres@example.net
Samantha,Fritz,samanthafritz@example.com
Melinda,Sullivan,melindasullivan@example.net
Maria,Burton,mariaburton@example.com
Benjamin,Wilson,benjaminwilson@example.net
Michelle,Porter,michelleporter@example.org
Wendy,Benson,wendybenson@example.com
Carrie,Le,carriele@example.com
Erin,Simmons,erinsimmons@example.net
Crystal,Thomas,crystalthomas@example.net
Joshua,Contreras,joshuacontreras@example.net
Lisa,Pearson,lisapearson@example.org
William,Price,williamprice@example.com
James,Edwards,jamesedwards@example.com
Kristi,Williams,kristiwilliams@example.org
Dana,Frey,danafrey@example.net
Jessica,Anderson,jessicaanderson@example.org
William,Davies,williamdavies@example.com
Michele,Bonilla,michelebonilla@example.com
Erica,Long,ericalong@example.com
Heather,Warner,heatherwarner@example.net
Adrian,Brewer,adrianbrewer@example.com
Michael,Oliver,michaeloliver@example.net
Sarah,Fry,sarahfry@example.org
Joshua,White,joshuawhite@example.net
Natalie,Webb,nataliewebb@example.org
Jamie,Tate,jamietate@example.org
Traci,Hughes,tracihughes@example.org
Ralph,Smith,ralphsmith@example.net
Vincent,Hicks,vincenthicks@example.org
Robert,Hammond,roberthammond@example.net
Michelle,Arias,michellearias@example.com
Wayne,Jackson,waynejackson@example.net
Sandra,Oliver,sandraoliver@example.com
Brittany,Williams,brittanywilliams@example.net
David,Hill,davidhill@example.net
Jerry,Lozano,jerrylozano@example.net
Melissa,Rose,melissarose@example.org
William,Jones,williamjones@example.com
Justin,Schmidt,justinschmidt@example.com
Peter,Young,peteryoung@example.net
Gloria,White,gloriawhite@example.com
Grace,Spears,gracespears@example.net
Larry,Bradford,larrybradford@example.net
Victoria,Miller,victoriamiller@example.org
Tara,Wagner,tarawagner@example.net
Christopher,Newton,christophernewton@example.org
Angela,Hughes,angelahughes@example.com
Amanda,Jones,amandajones@example.net
Miguel,Burnett,miguelburnett@example.net
Amanda,Walter,amandawalter@example.org
Brian,Sanders,briansanders@example.net
Brian,Bowen,brianbowen@example.org
Mario,Morales,mariomorales@example.org
Jerry,Kim,jerrykim@example.org
Fernando,Jones,fernandojones@example.org
Nicholas,Wright,nicholaswright@example.org
William,Washington,williamwashington@example.net
Robert,Sherman,robertsherman@example.net
Angela,Madden,angelamadden@example.net
Brian,Lindsey,brianlindsey@example.org
Matthew,Wilson,matthewwilson@example.com
Julie,Lam,julielam@example.net
Debra,Davis,debradavis@example.net
Dominique,Carter,dominiquecarter@example.org
Willie,Summers,williesummers@example.com
Jennifer,Norton,jennifernorton@example.org
Ana,Mcintyre,anamcintyre@example.net
Kelly,Roberts,kellyroberts@example.com
Ashley,Mcdowell,ashleymcdowell@example.net
Jessica,Kelly,jessicakelly@example.org
Jason,Gillespie,jasongillespie@example.net
Emily,Walker,emilywalker@example.org
Thomas,Colon,thomascolon@example.com
William,Donovan,williamdonovan@example.net
Kevin,Jones,kevinjones@example.org
David,Hudson,davidhudson@example.com
Teresa,Jones,teresajones@example.com
Emily,Harris,emilyharris@example.com
Tina,Williamson,tinawilliamson@example.com
Michelle,Tyler,michelletyler@example.com
Richard,Mcdonald,richardmcdonald@example.org
Leslie,Watson,lesliewatson@example.org
Daniel,Miller,danielmiller@example.org
John,Walker,johnwalker@example.org
Michael,Collins,michaelcollins@example.com
Danielle,Lloyd,daniellelloyd@example.com
Sharon,Morris,sharonmorris@example.com
Clarence,Jones,clarencejones@example.com
Ashley,Ward,ashleyward@example.net
Kevin,Pope,kevinpope@example.com
Crystal,Williams,crystalwilliams@example.org
Elizabeth,Mathis,elizabethmathis@example.org
Aaron,Carroll,aaroncarroll@example.org
Crystal,Simmons,crystalsimmons@example.org
Michael,Anderson,michaelanderson@example.net
Wendy,Miller,wendymiller@example.com
Jordan,Carter,jordancarter@example.com
Maxwell,Houston,maxwellhouston@example.net
Hannah,Gonzales,hannahgonzales@example.com
Caitlin,Miller,caitlinmiller@example.org
Jesus,Phillips,jesusphillips@example.net
Brandon,Simmons,brandonsimmons@example.com
Richard,Larson,richardlarson@example.com
David,Gomez,davidgomez@example.org
Elizabeth,Gonzalez,elizabethgonzalez@example.net
Dillon,Moore,dillonmoore@example.org
Laura,Wilson,laurawilson@example.net
Deborah,Villanueva,deborahvillanueva@example.net
Ronald,Peters,ronaldpeters@example.net
Eric,Steele,ericsteele@example.org
Jennifer,Berry,jenniferberry@example.net
Diane,Stanley,dianestanley@example.org
Robert,Elliott,robertelliott@example.net
Denise,Maynard,denisemaynard@example.net
Cynthia,Edwards,cynthiaedwards@example.com
Holly,Gray,hollygray@example.org
Elizabeth,Flores,elizabethflores@example.org
Dustin,Taylor,dustintaylor@example.net
Lori,Owens,loriowens@example.net
Deborah,Ray,deborahray@example.com
Eric,Klein,ericklein@example.net
Kendra,Hale,kendrahale@example.net
Joseph,Fisher,josephfisher@example.net
Toni,Navarro,toninavarro@example.net
Michael,Jordan,michaeljordan@example.org
Kyle,Gross,kylegross@example.org
Matthew,Ross,matthewross@example.com
Eric,Rodriguez,ericrodriguez@example.com
Brittany,Holloway,brittanyholloway@example.com
Steven,Moore,stevenmoore@example.org
Joseph,Paul,josephpaul@example.org
Melissa,Morgan,melissamorgan@example.org
Jason,Cruz,jasoncruz@example.com
Ashley,Moran,ashleymoran@example.org
Jeffrey,Davis,jeffreydavis@example.com
Melissa,Short,melissashort@example.com
John,Cain,johncain@example.org
Jennifer,Hunter,jenniferhunter@example.com
Cindy,Wilson,cindywilson@example.com
Michael,Griffin,michaelgriffin@example.net
Meghan,Haney,meghanhaney@example.org
Derek,Hunter,derekhunter@example.com
Kimberly,Swanson,kimberlyswanson@example.net
Willie,Riley,willieriley@example.net
Heather,Duncan,heatherduncan@example.net
Janice,Brooks,janicebrooks@example.net
Marco,Wilson,marcowilson@example.com
Christopher,Garner,christophergarner@example.org
Timothy,Scott,timothyscott@example.org
Benjamin,Freeman,benjaminfreeman@example.com
Melissa,Williams,melissawilliams@example.net
Elizabeth,Riley,elizabethriley@example.net
Teresa,Mcclure,teresamcclure@example.org
Douglas,Cook,douglascook@example.org
Barbara,Green,barbaragreen@example.com
Derek,Rodgers,derekrodgers@example.com
Vanessa,Klein,vanessaklein@example.org
Kristy,Pham,kristypham@example.net
Jason,Reid,jasonreid@example.net
Sara,Bauer,sarabauer@example.net
Matthew,Huerta,matthewhuerta@example.org
Amanda,Clark,amandaclark@example.com
Michelle,Krause,michellekrause@example.org
Margaret,Johnson,margaretjohnson@example.net
James,Russo,jamesrusso@example.com
Gregory,Shaw,gregoryshaw@example.org
Gary,Hickman,garyhickman@example.com
Michael,Hernandez,michaelhernandez@example.org
Justin,Shea,justinshea@example.net
Michael,Williams,michaelwilliams@example.net
Kyle,Hickman,kylehickman@example.org
Brandy,Russell,brandyrussell@example.com
Chris,Rojas,chrisrojas@example.com
Kathleen,Lee,kathleenlee@example.org
Heather,Dalton,heatherdalton@example.org
Larry,Turner,larryturner@example.net
Amber,Higgins,amberhiggins@example.com
Jeremy,Hernandez,jeremyhernandez@example.net
Chad,Montoya,chadmontoya@example.net
James,Morse,jamesmorse@example.net
Amy,Robinson,amyrobinson@example.net
Paul,Watts,paulwatts@example.org
Steven,Armstrong,stevenarmstrong@example.net
Richard,Jones,richardjones@example.net
Caleb,Pace,calebpace@example.org
Dylan,Cook,dylancook@example.org
Lisa,Mcfarland,lisamcfarland@example.org
Michael,Powell,michaelpowell@example.org
Michael,Weaver,michaelweaver@example.org
Mark,Salazar,marksalazar@example.org
Philip,Chen,philipchen@example.net
Rachel,Brown,rachelbrown@example.org
Andre,Howard,andrehoward@example.net
Jeremy,Osborne,jeremyosborne@example.org
Ashley,Shelton,ashleyshelton@example.com
Hayden,Morgan,haydenmorgan@example.com
Jenna,Snyder,jennasnyder@example.net
Brad,Sampson,bradsampson@example.net
John,Hill,johnhill@example.net
Courtney,Young,courtneyyoung@example.com
Ashley,Gray,ashleygray@example.net
Amanda,Hall,amandahall@example.org
Megan,Hernandez,meganhernandez@example.com
Stephanie,Benson,stephaniebenson@example.org
Ashley,Thomas,ashleythomas@example.com
Jennifer,Garcia,jennifergarcia@example.org
Stacy,Turner,stacyturner@example.net
Brooke,Sullivan,brookesullivan@example.com
Christine,Cooper,christinecooper@example.net
Michael,Ross,michaelross@example.com
Benjamin,Adams,benjaminadams@example.org
Daniel,Arnold,danielarnold@example.net
Ernest,Kline,ernestkline@example.com
Mary,Coffey,marycoffey@example.org
Harold,Lopez,haroldlopez@example.org
Stephanie,Young,stephanieyoung@example.net
Nicole,French,nicolefrench@example.net
Rachel,Holland,rachelholland@example.net
Christina,Pitts,christinapitts@example.net
Sonya,Warren,sonyawarren@example.com
Tracy,Curtis,tracycurtis@example.net
Bradley,Ruiz,bradleyruiz@example.org
Sheri,Nelson,sherinelson@example.net
Judy,Murphy,judymurphy@example.net
Walter,Sandoval,waltersandoval@example.net
Rachael,Lawson,rachaellawson@example.com
Angela,Cunningham,angelacunningham@example.com
Donald,Baker,donaldbaker@example.net
Edwin,Fields,edwinfields@example.org
Brian,Brewer,brianbrewer@example.com
Anthony,Little,anthonylittle@example.net
Deborah,Gardner,deborahgardner@example.net
Julie,Sanchez,juliesanchez@example.com
Jessica,Davidson,jessicadavidson@example.net
Suzanne,Patton,suzannepatton@example.net
Rebecca,Mitchell,rebeccamitchell@example.net
Curtis,Tyler,curtistyler@example.org
Joshua,Figueroa,joshuafigueroa@example.net
Sarah,Howard,sarahhoward@example.net
Courtney,Myers,courtneymyers@example.net
Kathleen,Miller,kathleenmiller@example.net
Jeffrey,Wright,jeffreywright@example.org
Robert,Chaney,robertchaney@example.org
Joshua,Diaz,joshuadiaz@example.com
Jonathan,Wallace,jonathanwallace@example.org
Theodore,Morris,theodoremorris@example.org
Kimberly,Bean,kimberlybean@example.net
Andrea,Green,andreagreen@example.net
Ryan,Adams,ryanadams@example.org
Barbara,Hamilton,barbarahamilton@example.net
William,Robinson,williamrobinson@example.com
Kenneth,Trujillo,kennethtrujillo@example.com
Linda,Smith,lindasmith@example.org
Kathy,Mendez,kathymendez@example.net
Robert,Dixon,robertdixon@example.com
Cassandra,Smith,cassandrasmith@example.org
Kristen,Lawrence,kristenlawrence@example.com
Shaun,Fischer,shaunfischer@example.net
Norma,Frey,normafrey@example.org
Thomas,Mcdaniel,thomasmcdaniel@example.org
Krystal,Garza,krystalgarza@example.com
Teresa,Miles,teresamiles@example.org
Mark,Neal,markneal@example.net
Tara,Lee,taralee@example.org
Luis,Mckee,luismckee@example.com
Jessica,Martinez,jessicamartinez@example.net
Michael,Johnson,michaeljohnson@example.com
Julia,Jones,juliajones@example.com
Shelly,Williams,shellywilliams@example.com
Andrea,Ballard,andreaballard@example.org
Jose,Perez,joseperez@example.org
Jon,Pollard,jonpollard@example.net
Julie,Wright,juliewright@example.org
Veronica,Solis,veronicasolis@example.org
Cory,Horn,coryhorn@example.net
Nicole,Ryan,nicoleryan@example.com
Carolyn,Ewing,carolynewing@example.org
Samantha,Melton,samanthamelton@example.net
April,Jones,apriljones@example.com
Kevin,Gonzalez,kevingonzalez@example.net
Alicia,Jackson,aliciajackson@example.org
John,Wright,johnwright@example.com
Kimberly,Greene,kimberlygreene@example.net
Sergio,Gould,sergiogould@example.net
Carol,Brooks,carolbrooks@example.net
Gregory,Mcclure,gregorymcclure@example.com
Kimberly,Johnson,kimberlyjohnson@example.com
Richard,Caldwell,richardcaldwell@example.com
Michael,Stephens,michaelstephens@example.net
Gwendolyn,Dickerson,gwendolyndickerson@example.net
Derrick,Peterson,derrickpeterson@example.com
Raymond,Combs,raymondcombs@example.org
Christina,Nguyen,christinanguyen@example.com
Caitlin,Ayers,caitlinayers@example.net
Kayla,Howell,kaylahowell@example.org
Danielle,Crosby,daniellecrosby@example.org
Brittney,Alvarez,brittneyalvarez@example.org
Patricia,Meza,patriciameza@example.com
Megan,Carey,megancarey@example.com
Amy,Johnson,amyjohnson@example.org
Margaret,Santana,margaretsantana@example.com
Wendy,Taylor,wendytaylor@example.org
Jasmine,Greer,jasminegreer@example.net
Stephen,Farley,stephenfarley@example.org
Michael,Benson,michaelbenson@example.org
Kristopher,Mcdonald,kristophermcdonald@example.com
James,Jackson,jamesjackson@example.net
Eric,Harrison,ericharrison@example.net
Juan,Kemp,juankemp@example.org
Anthony,Lowe,anthonylowe@example.org
Randy,Shelton,randyshelton@example.org
Bryan,Castaneda,bryancastaneda@example.com
David,Gonzalez,davidgonzalez@example.com
Jason,Burns,jasonburns@example.com
Teresa,Martinez,teresamartinez@example.net
Jacob,Diaz,jacobdiaz@example.net
Andrew,Cooper,andrewcooper@example.net
Jeffery,Combs,jefferycombs@example.net
Vanessa,Barber,vanessabarber@example.net
Kevin,Allen,kevinallen@example.com
Mary,Gill,marygill@example.net
Alvin,Burke,alvinburke@example.com
Jennifer,Joyce,jenniferjoyce@example.net
Stephen,Sosa,stephensosa@example.com
David,Wilson,davidwilson@example.com
Arthur,Velazquez,arthurvelazquez@example.org
Justin,Tyler,justintyler@example.org
Stephanie,Wong,stephaniewong@example.net
Kelly,Ramirez,kellyramirez@example.net
Jessica,Campbell,jessicacampbell@example.org
Haley,Myers,haleymyers@example.net
Adrienne,Banks,adriennebanks@example.com
Gail,Holland,gailholland@example.com
Jennifer,Davis,jenniferdavis@example.org
Lisa,Nash,lisanash@example.org
Brandon,Dudley,brandondudley@example.net
Gabrielle,Lee,gabriellelee@example.com
Jose,Yates,joseyates@example.org
Laura,Taylor,laurataylor@example.com
Gabriel,Perez,gabrielperez@example.org
Ariel,Miller,arielmiller@example.com
Mark,Whitehead,markwhitehead@example.org
Sarah,Sullivan,sarahsullivan@example.com
Ernest,Cruz,ernestcruz@example.net
Donna,Pineda,donnapineda@example.net
Michelle,Black,michelleblack@example.net
Gina,Shepherd,ginashepherd@example.com
Sean,Cortez,seancortez@example.org
Robert,Contreras,robertcontreras@example.com
Darlene,Smith,darlenesmith@example.org
Joseph,Walton,josephwalton@example.com
Larry,Campbell,larrycampbell@example.com
Ryan,Tucker,ryantucker@example.com
Timothy,Butler,timothybutler@example.com
Emma,Frazier,emmafrazier@example.net
Bradley,Andersen,bradleyandersen@example.com
Peter,Rios,peterrios@example.com
Kyle,Barrera,kylebarrera@example.org
Joshua,Lloyd,joshualloyd@example.org
Meagan,Salazar,meagansalazar@example.net
Jason,Hernandez,jasonhernandez@example.net
Terry,Saunders,terrysaunders@example.net
Nathan,Curtis,nathancurtis@example.org
Javier,Romero,javierromero@example.org
Charles,Cooper,charlescooper@example.org
Mckenzie,Bowman,mckenziebowman@example.com
Misty,Powell,mistypowell@example.net
Mackenzie,Martinez,mackenziemartinez@example.net
Lori,Lopez,lorilopez@example.net
Veronica,Combs,veronicacombs@example.net
Erin,Willis,erinwillis@example.com
Evan,Fuller,evanfuller@example.net
Cynthia,Tate,cynthiatate@example.com
Stephanie,Koch,stephaniekoch@example.com
Richard,Atkins,richardatkins@example.net
Jared,Terry,jaredterry@example.com
Duane,Hicks,duanehicks@example.org
Christopher,Chase,christopherchase@example.org
Ashley,Myers,ashleymyers@example.net
Jason,Mccoy,jasonmccoy@example.net
Seth,Hicks,sethhicks@example.net
Brian,Ramos,brianramos@example.org
Maureen,Bolton,maureenbolton@example.net
Shawn,Brown,shawnbrown@example.net
Tiffany,Johnson,tiffanyjohnson@example.com
Jose,Mcdaniel,josemcdaniel@example.com
Nathaniel,Becker,nathanielbecker@example.com
Alexandra,Fisher,alexandrafisher@example.com
John,Gaines,johngaines@example.net
William,Cook,williamcook@example.com
Brian,Graham,briangraham@example.org
Hannah,White,hannahwhite@example.net
Evelyn,Valencia,evelynvalencia@example.org
Johnny,Fuller,johnnyfuller@example.net
Nicole,Brown,nicolebrown@example.net
Vanessa,Davis,vanessadavis@example.org
Sherry,Wells,sherrywells@example.org
Erica,Parsons,ericaparsons@example.net
Robert,Zimmerman,robertzimmerman@example.net
Brianna,Chan,briannachan@example.org
Andrew,Long,andrewlong@example.org
Megan,Anderson,megananderson@example.org
Sarah,Bell,sarahbell@example.net
Jamie,Hardy,jamiehardy@example.org
Joshua,Simpson,joshuasimpson@example.net
Aaron,Welch,aaronwelch@example.com
Allison,Grant,allisongrant@example.org
Isaac,Berry,isaacberry@example.net
Tracey,Franklin,traceyfranklin@example.com
Michael,Rojas,michaelrojas@example.org
Kathy,Schwartz,kathyschwartz@example.org
Kenneth,Cooper,kennethcooper@example.org
Scott,Baker,scottbaker@example.net
Jessica,Cummings,jessicacummings@example.net
David,Barnes,davidbarnes@example.com
Kristy,Miller,kristymiller@example.org
Jean,Holmes,jeanholmes@example.com
Paige,Bullock,paigebullock@example.org
Madison,Perez,madisonperez@example.org
David,Lopez,davidlopez@example.net
Lisa,Morris,lisamorris@example.org
Cassandra,Orr,cassandraorr@example.net
Amy,Reed,amyreed@example.org
Roy,Stephens,roystephens@example.org
Terri,Rodriguez,terrirodriguez@example.org
Brandi,Vaughn,brandivaughn@example.net
Nathaniel,Ramirez,nathanielramirez@example.com
Kristina,Carter,kristinacarter@example.org
Paul,Harris,paulharris@example.net
Amber,Williams,amberwilliams@example.com
Victoria,Mann,victoriamann@example.org
John,Thompson,johnthompson@example.org
Hannah,Elliott,hannahelliott@example.com
Patrick,Hernandez,patrickhernandez@example.com
Angela,Long,angelalong@example.net
Kyle,Hall,kylehall@example.net
Ashley,Cole,ashleycole@example.net
Bridget,Baker,bridgetbaker@example.com
Anthony,White,anthonywhite@example.com
Thomas,Jimenez,thomasjimenez@example.org
Casey,Evans,caseyevans@example.org
Deborah,Ramos,deborahramos@example.com
William,Spence,williamspence@example.net
Lori,Lester,lorilester@example.com
James,Robbins,jamesrobbins@example.net
Bryan,Jones,bryanjones@example.com
Brian,Duncan,brianduncan@example.org
Joshua,Dougherty,joshuadougherty@example.org
Shawn,Martin,shawnmartin@example.org
Justin,Terry,justinterry@example.com
Megan,West,meganwest@example.com
Gerald,Thomas,geraldthomas@example.org
Shari,Dudley,sharidudley@example.com
Benjamin,Mann,benjaminmann@example.org
Wendy,Gibson,wendygibson@example.net
Madison,Campbell,madisoncampbell@example.com
Michael,Singleton,michaelsingleton@example.net
Kevin,Murphy,kevinmurphy@example.org
Chris,Cole,chriscole@example.net
Samantha,Pena,samanthapena@example.net
James,Hansen,jameshansen@example.org
Donald,Brown,donaldbrown@example.org
Alexander,Rice,alexanderrice@example.com
Sandra,Mejia,sandramejia@example.net
Regina,Torres,reginatorres@example.net
Jocelyn,Jones,jocelynjones@example.org
Joyce,Wright,joycewright@example.org
Melissa,Perez,melissaperez@example.com
Kristi,Blackwell,kristiblackwell@example.org
Eric,Tucker,erictucker@example.org
Timothy,Rush,timothyrush@example.net
Lisa,Green,lisagreen@example.net
Isaac,Martinez,isaacmartinez@example.com
Maria,Castillo,mariacastillo@example.org
Michael,Tate,michaeltate@example.net
Bryan,Morales,bryanmorales@example.net
Zachary,Schmidt,zacharyschmidt@example.org
Brenda,Duncan,brendaduncan@example.com
Donna,Trujillo,donnatrujillo@example.org
Elizabeth,Williams,elizabethwilliams@example.com
Daniel,Velazquez,danielvelazquez@example.org
Nicholas,Gutierrez,nicholasgutierrez@example.net
Matthew,Pena,matthewpena@example.com
Christian,Stevenson,christianstevenson@example.org
Keith,Gonzales,keithgonzales@example.org
Jenny,Alvarado,jennyalvarado@example.org
Dawn,Rich,dawnrich@example.org
John,Swanson,johnswanson@example.net
Sharon,Baker,sharonbaker@example.org
Brandy,Pineda,brandypineda@example.com
Raven,Wright,ravenwright@example.com
Todd,Nelson,toddnelson@example.com
Kari,Alvarez,karialvarez@example.org
Blake,Lewis,blakelewis@example.net
James,Barrett,jamesbarrett@example.com
Connie,Powell,conniepowell@example.net
Allen,Brennan,allenbrennan@example.net
Tanya,Page,tanyapage@example.net
Kelly,Thompson,kellythompson@example.org
Stephanie,Martin,stephaniemartin@example.com
Debbie,Miller,debbiemiller@example.org
Jennifer,Cortez,jennifercortez@example.net
Julie,Sparks,juliesparks@example.com
Kimberly,Flowers,kimberlyflowers@example.net
Joanna,Tyler,joannatyler@example.org
Maurice,Chapman,mauricechapman@example.org
Diane,Craig,dianecraig@example.com
Steven,Austin,stevenaustin@example.net
Ashley,Chase,ashleychase@example.net
Ryan,Gutierrez,ryangutierrez@example.org
Sandy,Smith,sandysmith@example.com
Francisco,Ball,franciscoball@example.org
Christopher,Ortiz,christopherortiz@example.net
Gregory,Garner,gregorygarner@example.net
Alexandra,Fisher,alexandrafisher@example.org
Bradley,Mcdonald,bradleymcdonald@example.org
Kimberly,Calderon,kimberlycalderon@example.org
Lauren,Rodriguez,laurenrodriguez@example.org
Michael,Haynes,michaelhaynes@example.net
Jeremy,Jones,jeremyjones@example.org
James,Hall,jameshall@example.org
Barbara,Acosta,barbaraacosta@example.net
James,Ramos,jamesramos@example.org
Katie,Gonzales,katiegonzales@example.org
Jose,Reed,josereed@example.com
Kristine,Zimmerman,kristinezimmerman@example.net
Brittany,Cabrera,brittanycabrera@example.com
Anna,Wong,annawong@example.com
Ann,Alexander,annalexander@example.com
Julie,Davis,juliedavis@example.org
Kenneth,Gates,kennethgates@example.org
Andrew,Foster,andrewfoster@example.net
Isabella,Gates,isabellagates@example.org
Brian,Morris,brianmorris@example.com
Julie,Figueroa,juliefigueroa@example.org
Steven,Hernandez,stevenhernandez@example.org
Thomas,Bryant,thomasbryant@example.org
Katelyn,Irwin,katelynirwin@example.net
Kirk,Martinez,kirkmartinez@example.com
Manuel,Harris,manuelharris@example.com
Jessica,Adams,jessicaadams@example.org
Krista,Allison,kristaallison@example.org
Cassandra,Bray,cassandrabray@example.com
Kevin,Benson,kevinbenson@example.org
Frank,Hull,frankhull@example.org
Natasha,Williams,natashawilliams@example.org
Michael,Hartman,michaelhartman@example.net
Taylor,Flores,taylorflores@example.org
Christina,Howard,christinahoward@example.org
Marissa,Arnold,marissaarnold@example.org
Ashley,Harper,ashleyharper@example.org
Catherine,Price,catherineprice@example.net
Tina,Parker,tinaparker@example.net
Marcus,Bradford,marcusbradford@example.net
Matthew,Thompson,matthewthompson@example.org
Keith,Lin,keithlin@example.net
Alfred,Santiago,alfredsantiago@example.com
Matthew,Castaneda,matthewcastaneda@example.com
Ronald,Williams,ronaldwilliams@example.com
Alicia,Henry,aliciahenry@example.com
Zachary,Trujillo,zacharytrujillo@example.org
Melissa,Velasquez,melissavelasquez@example.net
Heather,Jones,heatherjones@example.net
Cameron,Davis,camerondavis@example.com
Daniel,Reed,danielreed@example.org
Christopher,Lawrence,christopherlawrence@example.com
Steven,Graham,stevengraham@example.org
Lawrence,Daugherty,lawrencedaugherty@example.org
Brooke,Smith,brookesmith@example.net
Heidi,Campos,heidicampos@example.net
Peter,Juarez,peterjuarez@example.org
Jason,Erickson,jasonerickson@example.com
Vanessa,Clements,vanessaclements@example.com
Cynthia,Randolph,cynthiarandolph@example.net
Clinton,Mathews,clintonmathews@example.com
Mary,Pierce,marypierce@example.com
Richard,Wilson,richardwilson@example.net
Darrell,Hess,darrellhess@example.org
Daniel,Wilson,danielwilson@example.org
Tiffany,Sandoval,tiffanysandoval@example.net
Kimberly,Gross,kimberlygross@example.net
Stephanie,Davis,stephaniedavis@example.org
Monica,Williams,monicawilliams@example.net
Vincent,Green,vincentgreen@example.org
Tiffany,Watson,tiffanywatson@example.net
Paul,Davis,pauldavis@example.net
Anne,Charles,annecharles@example.com
Terry,Mcpherson,terrymcpherson@example.org
Christopher,Carr,christophercarr@example.org
George,Haynes,georgehaynes@example.org
Scott,Miller,scottmiller@example.org
Robin,Moore,robinmoore@example.org
Matthew,Madden,matthewmadden@example.org
Melissa,Brown,melissabrown@example.com
Christine,Gilmore,christinegilmore@example.com
Theresa,Velez,theresavelez@example.com
Kelly,Allison,kellyallison@example.org
Denise,Washington,denisewashington@example.com
Stephanie,Cardenas,stephaniecardenas@example.com
Arthur,Davis,arthurdavis@example.com
William,Vega,williamvega@example.com
Kenneth,Byrd,kennethbyrd@example.net
Leslie,Hubbard,lesliehubbard@example.net
Elizabeth,Shepherd,elizabethshepherd@example.org
Renee,Harper,reneeharper@example.com
Katherine,Taylor,katherinetaylor@example.org
Zachary,Skinner,zacharyskinner@example.net
Danielle,Taylor,danielletaylor@example.net
Mark,Taylor,marktaylor@example.com
Donald,Stevens,donaldstevens@example.org
Holly,Roy,hollyroy@example.com
David,Beard,davidbeard@example.com
Jason,Howard,jasonhoward@example.org
Stacy,Vasquez,stacyvasquez@example.org
Robert,James,robertjames@example.com
Rita,Daniels,ritadaniels@example.org
Catherine,Ward,catherineward@example.com
Jamie,Cabrera,jamiecabrera@example.net
Crystal,Thomas,crystalthomas@example.com
Sandra,Reyes,sandrareyes@example.com
John,Turner,johnturner@example.org
Nicole,Ochoa,nicoleochoa@example.org
Vanessa,Russell,vanessarussell@example.org
Nicole,Jones,nicolejones@example.net
Maria,Zuniga,mariazuniga@example.com
Patricia,Wilson,patriciawilson@example.org
Teresa,Reed,teresareed@example.net
Victoria,Alexander,victoriaalexander@example.net
Joy,Barry,joybarry@example.net
Julie,Solis,juliesolis@example.com
Gregory,Williams,gregorywilliams@example.net
Abigail,Perry,abigailperry@example.net
Justin,Reese,justinreese@example.net
Cynthia,Dickson,cynthiadickson@example.net
Michael,Gibbs,michaelgibbs@example.com
Kayla,Lloyd,kaylalloyd@example.com
Debra,Moore,debramoore@example.net
Robert,Jones,robertjones@example.net
John,Ferguson,johnferguson@example.net
John,Smith,johnsmith@example.com
John,Johnson,johnjohnson@example.com
Christopher,Reyes,christopherreyes@example.net
Laura,Ward,lauraward@example.com
Ronald,Franklin,ronaldfranklin@example.org
Kristin,Grant,kristingrant@example.net
Patricia,Kelly,patriciakelly@example.org
Lucas,Williams,lucaswilliams@example.com
Benjamin,Gonzalez,benjamingonzalez@example.net
Jeffrey,Snyder,jeffreysnyder@example.net
Brandon,Newman,brandonnewman@example.org
David,Hull,davidhull@example.com
Robin,Sullivan,robinsullivan@example.com
Erin,Scott,erinscott@example.net
Drew,Gregory,drewgregory@example.com
David,Dodson,daviddodson@example.net
Meredith,King,meredithking@example.net
Jasmine,Rice,jasminerice@example.org
Kimberly,Wright,kimberlywright@example.net
Nicholas,Larson,nicholaslarson@example.org
Zachary,Mcfarland,zacharymcfarland@example.org
Ricky,Barker,rickybarker@example.net
Timothy,Rogers,timothyrogers@example.net
Crystal,Gay,crystalgay@example.com
Richard,James,richardjames@example.net
Richard,Cunningham,richardcunningham@example.org
James,Petersen,jamespetersen@example.net
Shane,Baxter,shanebaxter@example.net
Randall,Patel,randallpatel@example.com
Erik,Nelson,eriknelson@example.net
Nicolas,Reeves,nicolasreeves@example.net
Joanna,Chan,joannachan@example.net
Jody,Strickland,jodystrickland@example.org
Antonio,Patton,antoniopatton@example.org
Angela,Willis,angelawillis@example.org
David,Olson,davidolson@example.net
Lisa,Bird,lisabird@example.net
Kelsey,Torres,kelseytorres@example.net
Susan,Collins,susancollins@example.net
Angela,Buchanan,angelabuchanan@example.com
Allen,Davis,allendavis@example.net
Charles,Armstrong,charlesarmstrong@example.org
Betty,Dodson,bettydodson@example.net
Mark,Richards,markrichards@example.net
Douglas,Bryant,douglasbryant@example.net
Tom,Moore,tommoore@example.com
Jerry,Hanson,jerryhanson@example.org
Katherine,Brown,katherinebrown@example.com
Bradley,Woodard,bradleywoodard@example.org
Anna,Bowman,annabowman@example.com
Matthew,Alvarado,matthewalvarado@example.net
Ronnie,Singleton,ronniesingleton@example.org
Curtis,Blackburn,curtisblackburn@example.org
Jeffrey,Adams,jeffreyadams@example.net
Keith,Atkinson,keithatkinson@example.net
Kelly,Smith,kellysmith@example.net
Jared,Leon,jaredleon@example.com
Stephen,Carpenter,stephencarpenter@example.com
Robert,Gibson,robertgibson@example.net
Nicole,Rowland,nicolerowland@example.net
Angela,Newman,angelanewman@example.com
William,Hudson,williamhudson@example.org
Daniel,Gregory,danielgregory@example.org
Troy,Andrews,troyandrews@example.net
Deanna,Anderson,deannaanderson@example.org
Robin,Mcmahon,robinmcmahon@example.net
Kelsey,Howell,kelseyhowell@example.org
Amanda,Williamson,amandawilliamson@example.net
Sarah,Moreno,sarahmoreno@example.org
Shari,Jones,sharijones@example.org
Sylvia,Anderson,sylviaanderson@example.net
Marcus,Guzman,marcusguzman@example.com
Christian,Mccormick,christianmccormick@example.org
Brenda,Bartlett,brendabartlett@example.net
Danielle,Santiago,daniellesantiago@example.net
Nina,Juarez,ninajuarez@example.com
Nicole,Lewis,nicolelewis@example.org
Christopher,Reyes,christopherreyes@example.org
Teresa,Walker,teresawalker@example.com
Kirk,Perez,kirkperez@example.com
Taylor,Myers,taylormyers@example.net
Kendra,Lee,kendralee@example.net
Frank,Chan,frankchan@example.net
Matthew,Scott,matthewscott@example.org
Nicole,Copeland,nicolecopeland@example.org
Henry,Spencer,henryspencer@example.org
Samantha,Shannon,samanthashannon@example.com
Susan,West,susanwest@example.com
Paul,Smith,paulsmith@example.org
Tiffany,Stokes,tiffanystokes@example.com
Sarah,Berger,sarahberger@example.com
Judith,Rojas,judithrojas@example.org
John,King,johnking@example.net
Jennifer,Brown,jenniferbrown@example.org
Brittany,Hamilton,brittanyhamilton@example.org
Eric,Mendoza,ericmendoza@example.net
Alexis,Perry,alexisperry@example.net
Megan,Ortiz,meganortiz@example.com
Brittany,Barron,brittanybarron@example.com
Christina,Pace,christinapace@example.net
Jacob,Huff,jacobhuff@example.com
Margaret,Aguilar,margaretaguilar@example.com
Nicholas,Thomas,nicholasthomas@example.com
Karen,Weber,karenweber@example.org
Terry,Yates,terryyates@example.net
Heidi,Fitzgerald,heidifitzgerald@example.com
Mary,Knight,maryknight@example.com
Zachary,Bray,zacharybray@example.com
Rhonda,Williams,rhondawilliams@example.org
Michael,Thompson,michaelthompson@example.com
Amanda,Daugherty,amandadaugherty@example.com
Eileen,Wilson,eileenwilson@example.org
Colton,Payne,coltonpayne@example.org
Ray,Murray,raymurray@example.com
Kathleen,Harrison,kathleenharrison@example.org
Jennifer,Edwards,jenniferedwards@example.com
Nathan,Chandler,nathanchandler@example.org
Meagan,Barnes,meaganbarnes@example.com
Andrew,Lowe,andrewlowe@example.net
Brandon,Thomas,brandonthomas@example.com
Mario,Roberts,marioroberts@example.org
Elizabeth,Sellers,elizabethsellers@example.com
Zachary,Horne,zacharyhorne@example.org
Ariel,Hickman,arielhickman@example.org
Leah,Yang,leahyang@example.com
Nancy,Russell,nancyrussell@example.com
Samantha,Brown,samanthabrown@example.org
Jennifer,Harris,jenniferharris@example.net
Taylor,Gardner,taylorgardner@example.net
Robin,Flores,robinflores@example.org
David,Clark,davidclark@example.net
Elizabeth,Jackson,elizabethjackson@example.net
Michael,Oneill,michaeloneill@example.org
Tracy,Wright,tracywright@example.net
Mary,King,maryking@example.net
Anthony,Flores,anthonyflores@example.com
Ronald,Berger,ronaldberger@example.net
Ashley,Schwartz,ashleyschwartz@example.net
Alan,Wilson,alanwilson@example.org
Abigail,Cook,abigailcook@example.net
Andre,Peterson,andrepeterson@example.org
Tony,Hernandez,tonyhernandez@example.com
Tyler,Castillo,tylercastillo@example.net
Lisa,Mcdaniel,lisamcdaniel@example.org
Valerie,Nelson,valerienelson@example.com
Keith,Thomas,keiththomas@example.org
Devin,Keller,devinkeller@example.org
Joseph,Porter,josephporter@example.com
Jonathan,Morales,jonathanmorales@example.com
Julia,Weber,juliaweber@example.net
Scott,English,scottenglish@example.org
Joshua,Kelly,joshuakelly@example.net
Sandra,Brown,sandrabrown@example.com
Amanda,Patrick,amandapatrick@example.com
Maria,Phillips,mariaphillips@example.net
Jillian,Peterson,jillianpeterson@example.com
Kimberly,Pace,kimberlypace@example.com
Troy,Howard,troyhoward@example.net
Joseph,Gould,josephgould@example.net
Terri,Price,terriprice@example.net
David,Anderson,davidanderson@example.com
Blake,Johnson,blakejohnson@example.net
Madeline,Hall,madelinehall@example.com
Melissa,Conley,melissaconley@example.org
Sandra,Roberts,sandraroberts@example.net
Kelly,Robles,kellyrobles@example.com
Vanessa,Cameron,vanessacameron@example.com
Jessica,Bryant,jessicabryant@example.com
Sharon,Miller,sharonmiller@example.com
Brian,Wilson,brianwilson@example.net
John,Franklin,johnfranklin@example.org
Anna,Bell,annabell@example.com
Tasha,Atkinson,tashaatkinson@example.net
Teresa,Day,teresaday@example.com
Paula,Moreno,paulamoreno@example.org
Amber,Fox,amberfox@example.net
Anthony,Hicks,anthonyhicks@example.com
Christine,Vargas,christinevargas@example.com
Melinda,Baker,melindabaker@example.org
Sue,Soto,suesoto@example.net
Elizabeth,Gregory,elizabethgregory@example.net
William,Webb,williamwebb@example.net
Matthew,Williams,matthewwilliams@example.net
Melissa,Sims,melissasims@example.net
Yolanda,Thomas,yolandathomas@example.com
Donna,Smith,donnasmith@example.org
Ralph,Woods,ralphwoods@example.org
Steven,Blevins,stevenblevins@example.net
Richard,Ruiz,richardruiz@example.com
Amanda,Adkins,amandaadkins@example.net
Donald,Pace,donaldpace@example.com
Jennifer,Wiley,jenniferwiley@example.net
Kaitlin,Norton,kaitlinnorton@example.org
Pamela,Duncan,pameladuncan@example.net
Ryan,Smith,ryansmith@example.net
James,Meyer,jamesmeyer@example.org
Laura,Mack,lauramack@example.com
Melissa,Hodges,melissahodges@example.com
Christy,Brown,christybrown@example.org
Nicholas,Rice,nicholasrice@example.net
Jacob,Morton,jacobmorton@example.org
Bryan,Holmes,bryanholmes@example.com
Susan,Allen,susanallen@example.net
David,White,davidwhite@example.com
Robin,Huerta,robinhuerta@example.net
Stacey,Hanson,staceyhanson@example.net
Steven,Franklin,stevenfranklin@example.org
Brenda,Hicks,brendahicks@example.com
Justin,Garrett,justingarrett@example.net
Justin,Garcia,justingarcia@example.net
Ian,Garcia,iangarcia@example.org
Katie,Gill,katiegill@example.org
Craig,Cline,craigcline@example.com
Shelly,Schultz,shellyschultz@example.com
Heather,Powell,heatherpowell@example.org
Amanda,Gonzales,amandagonzales@example.org
Barbara,Diaz,barbaradiaz@example.net
Adam,Collins,adamcollins@example.com
Joseph,Allen,josephallen@example.net
Steven,Gibbs,stevengibbs@example.net
Douglas,Roberts,douglasroberts@example.org
Sarah,Santana,sarahsantana@example.org
Andrea,Carter,andreacarter@example.com
Chelsea,Martinez,chelseamartinez@example.org
Bobby,Mcknight,bobbymcknight@example.net
Michael,Beasley,michaelbeasley@example.org
Mark,Garcia,markgarcia@example.com
Tiffany,Tran,tiffanytran@example.net
Andrew,Rocha,andrewrocha@example.com
Bryan,Johnson,bryanjohnson@example.net
Jeffrey,Watts,jeffreywatts@example.com
Edward,Turner,edwardturner@example.com
Vicki,Clark,vickiclark@example.org
Lauren,Martinez,laurenmartinez@example.com
Barry,Taylor,barrytaylor@example.com
Adam,Johnson,adamjohnson@example.com
Patricia,Golden,patriciagolden@example.net
Jessica,Richmond,jessicarichmond@example.com
Patrick,Johnson,patrickjohnson@example.org
Donna,Jefferson,donnajefferson@example.com
Angela,Rivera,angelarivera@example.org
Stephanie,Taylor,stephanietaylor@example.org
Mary,Simpson,marysimpson@example.net
Ronald,Williams,ronaldwilliams@example.com
Claire,Jenkins,clairejenkins@example.com
Christopher,Pierce,christopherpierce@example.com
Robert,Brown,robertbrown@example.org
Dominic,Spencer,dominicspencer@example.net
Louis,Brown,louisbrown@example.com
Jennifer,Jones,jenniferjones@example.com
Margaret,Weber,margaretweber@example.com
Andrew,Curtis,andrewcurtis@example.org
Aaron,Jones,aaronjones@example.net
Anthony,Todd,anthonytodd@example.net
Sophia,Williams,sophiawilliams@example.net
Rachel,Doyle,racheldoyle@example.net
Adam,Wilson,adamwilson@example.org
Marissa,Thornton,marissathornton@example.net
Timothy,Shelton,timothyshelton@example.net
Cody,Singleton,codysingleton@example.com
Jennifer,Vargas,jennifervargas@example.net
Jessica,Adkins,jessicaadkins@example.com
Michele,Kirk,michelekirk@example.com
David,Campbell,davidcampbell@example.org
Michael,Estrada,michaelestrada@example.com
Maria,Campbell,mariacampbell@example.net
Eric,Hall,erichall@example.org
Stephen,Vega,stephenvega@example.net
Bryan,Medina,bryanmedina@example.com
William,Ferrell,williamferrell@example.net
Elizabeth,Aguilar,elizabethaguilar@example.com
Marc,Williams,marcwilliams@example.com
Christopher,Smith,christophersmith@example.com
Harold,Baxter,haroldbaxter@example.net
Darren,Hopkins,darrenhopkins@example.com
Kyle,Rivera,kylerivera@example.com
Joseph,Bailey,josephbailey@example.net
Ashley,Holloway,ashleyholloway@example.com
Jordan,Griffin,jordangriffin@example.com
Russell,Singleton,russellsingleton@example.org
Lauren,Long,laurenlong@example.org
Peter,Tapia,petertapia@example.com
Kathleen,Griffin,kathleengriffin@example.com
Timothy,Rice,timothyrice@example.net
Michael,Brown,michaelbrown@example.com
Michelle,Kaufman,michellekaufman@example.org
Jessica,Washington,jessicawashington@example.com
Kelly,Price,kellyprice@example.org
Jessica,Ramsey,jessicaramsey@example.net
Sarah,Maxwell,sarahmaxwell@example.org
Oscar,Palmer,oscarpalmer@example.org
Ryan,Taylor,ryantaylor@example.org
Daniel,Moore,danielmoore@example.net
Seth,Morales,sethmorales@example.org
Lisa,Mitchell,lisamitchell@example.com
Carl,Briggs,carlbriggs@example.org
Nicole,Parks,nicoleparks@example.com
Dana,Cantu,danacantu@example.com
Leonard,Jones,leonardjones@example.net
Cheryl,Taylor,cheryltaylor@example.com
Todd,Morgan,toddmorgan@example.com
Laura,Good,lauragood@example.org
Samantha,Thompson,samanthathompson@example.com
Michael,Smith,michaelsmith@example.net
Brent,Stewart,brentstewart@example.com
Michael,Silva,michaelsilva@example.com
Brian,Stafford,brianstafford@example.org
Mary,Bautista,marybautista@example.com
Gabriel,Ramirez,gabrielramirez@example.org
Robert,Ellis,robertellis@example.com
Joseph,Barber,josephbarber@example.net
Jeremy,Hood,jeremyhood@example.org
Walter,Humphrey,walterhumphrey@example.net
Daniel,Mcdonald,danielmcdonald@example.org
Kevin,Little,kevinlittle@example.net
Alexis,Reeves,alexisreeves@example.net
Terry,Kim,terrykim@example.org
Julie,Zamora,juliezamora@example.net
Robin,Gamble,robingamble@example.net
Felicia,Anderson,feliciaanderson@example.net
Patricia,Wong,patriciawong@example.org
Travis,Cook,traviscook@example.net
Anna,Robinson,annarobinson@example.org
Jennifer,Gallagher,jennifergallagher@example.org
Dylan,Smith,dylansmith@example.org
Vincent,Carroll,vincentcarroll@example.org
Brent,Smith,brentsmith@example.org
Daniel,Brown,danielbrown@example.org
Courtney,Cobb,courtneycobb@example.com
Andrea,Rivera,andrearivera@example.net
Brandon,Barker,brandonbarker@example.com
Steven,Cox,stevencox@example.net
Anna,Patel,annapatel@example.com
Christopher,Harrison,christopherharrison@example.net
Philip,Stein,philipstein@example.net
Alice,Watkins,alicewatkins@example.com
Eileen,Brown,eileenbrown@example.com
John,Molina,johnmolina@example.com
Christine,Norris,christinenorris@example.org
Luke,Best,lukebest@example.org
Joseph,Hess,josephhess@example.com
Brenda,Maldonado,brendamaldonado@example.org
Mark,Wright,markwright@example.net
Suzanne,Payne,suzannepayne@example.net
Debra,Fox,debrafox@example.net
Paul,Mclaughlin,paulmclaughlin@example.com
Melvin,Anderson,melvinanderson@example.org
Kirk,Robertson,kirkrobertson@example.org
Wendy,Bailey,wendybailey@example.org
Joel,Gonzales,joelgonzales@example.com
Stephen,Gonzalez,stephengonzalez@example.com
Michael,Merritt,michaelmerritt@example.com
William,Mckinney,williammckinney@example.com
Nicholas,Mcclain,nicholasmcclain@example.com
Jared,Turner,jaredturner@example.net
Colton,Dorsey,coltondorsey@example.net
Diana,Guzman,dianaguzman@example.org
Jason,Collins,jasoncollins@example.com
Robert,Patterson,robertpatterson@example.com
Stephen,Meadows,stephenmeadows@example.net
Kathy,Caldwell,kathycaldwell@example.net
Curtis,Smith,curtissmith@example.com
Kimberly,Crawford,kimberlycrawford@example.net
Anthony,Huynh,anthonyhuynh@example.net
James,Walton,jameswalton@example.com
Erin,Taylor,erintaylor@example.net
Mark,Young,markyoung@example.net
Amanda,Davidson,amandadavidson@example.org
Lisa,Herrera,lisaherrera@example.com
Jenna,Malone,jennamalone@example.com
Lauren,Brown,laurenbrown@example.org
Jacob,Ramirez,jacobramirez@example.org
Lauren,Ibarra,laurenibarra@example.com
Morgan,Watson,morganwatson@example.org
Samuel,Griffin,samuelgriffin@example.net
Bryan,Gonzales,bryangonzales@example.com
Charlotte,Perez,charlotteperez@example.com
Catherine,Norton,catherinenorton@example.org
Mark,Briggs,markbriggs@example.org
Jason,Smith,jasonsmith@example.com
Mark,Dawson,markdawson@example.org
Jonathan,Singh,jonathansingh@example.org
Teresa,Howell,teresahowell@example.net
Jeffrey,Ramos,jeffreyramos@example.net
Mary,Hill,maryhill@example.org
Kristen,Anderson,kristenanderson@example.net
Shannon,Hood,shannonhood@example.net
Daniel,Cunningham,danielcunningham@example.net
Dalton,Johnson,daltonjohnson@example.org
Jennifer,Clark,jenniferclark@example.net
John,Gilbert,johngilbert@example.net
Justin,Maxwell,justinmaxwell@example.net
John,Martin,johnmartin@example.com
Scott,Hanna,scotthanna@example.com
Matthew,Patrick,matthewpatrick@example.net
Heather,Shepard,heathershepard@example.net
Noah,Macdonald,noahmacdonald@example.com
Sean,Hernandez,seanhernandez@example.org
Annette,Ford,annetteford@example.net
Lisa,Davis,lisadavis@example.org
Karen,Hernandez,karenhernandez@example.org
Erin,Green,eringreen@example.com
Joe,Wilson,joewilson@example.com
Michelle,Villanueva,michellevillanueva@example.net
Kyle,Bishop,kylebishop@example.com
Jean,Mcdonald,jeanmcdonald@example.org
Penny,Morris,pennymorris@example.net
Matthew,Sharp,matthewsharp@example.org
Daniel,Jackson,danieljackson@example.net
Sara,Miller,saramiller@example.net
Katherine,Logan,katherinelogan@example.org
Katherine,Torres,katherinetorres@example.org
David,Shelton,davidshelton@example.com
Christina,Schroeder,christinaschroeder@example.net
Tom,Dunn,tomdunn@example.net
Kristina,Gonzalez,kristinagonzalez@example.com
Colleen,Braun,colleenbraun@example.com
Cody,Gray,codygray@example.org
Elijah,Williams,elijahwilliams@example.net
Joseph,Mcmahon,josephmcmahon@example.net
Gary,Farrell,garyfarrell@example.org
Joseph,Gregory,josephgregory@example.org
Devin,Howard,devinhoward@example.net
Virginia,Wong,virginiawong@example.org
Kristin,Price,kristinprice@example.com
Amanda,Mueller,amandamueller@example.com
Amanda,Rivera,amandarivera@example.net
Michelle,Andrade,michelleandrade@example.net
Jennifer,Miller,jennifermiller@example.org
Zachary,Meyers,zacharymeyers@example.net
Jennifer,Green,jennifergreen@example.net
Denise,Thomas,denisethomas@example.net
Brandon,Jensen,brandonjensen@example.com
Lisa,Hanson,lisahanson@example.org
Kelsey,Willis,kelseywillis@example.org
David,Gaines,davidgaines@example.org
Monica,Brown,monicabrown@example.org
Christopher,Glass,christopherglass@example.net
Debra,Houston,debrahouston@example.org
Paula,Johnson,paulajohnson@example.com
Catherine,Schultz,catherineschultz@example.org
Joseph,Hall,josephhall@example.net
Alexandra,Marshall,alexandramarshall@example.org
William,Martin,williammartin@example.net
Alison,Powell,alisonpowell@example.org
James,Owens,jamesowens@example.com
Sandra,Mcdonald,sandramcdonald@example.com
Chelsea,Dyer,chelseadyer@example.net
Victor,Parker,victorparker@example.org
Russell,Simmons,russellsimmons@example.com
Dennis,Rhodes,dennisrhodes@example.org
Chris,Lang,chrislang@example.com
Brett,Ballard,brettballard@example.org
Matthew,Fox,matthewfox@example.org
Cynthia,Webb,cynthiawebb@example.com
Allen,Wilson,allenwilson@example.com
Dakota,Miller,dakotamiller@example.org
Yolanda,Wright,yolandawright@example.org
Robyn,Allen,robynallen@example.org
William,Medina,williammedina@example.net
Ryan,Duncan,ryanduncan@example.org
Robert,Reed,robertreed@example.org
Kelly,West,kellywest@example.org
Jeffrey,Anderson,jeffreyanderson@example.org
Wendy,Skinner,wendyskinner@example.com
Darrell,Baker,darrellbaker@example.com
Jeanette,Kaufman,jeanettekaufman@example.net
Joshua,Collins,joshuacollins@example.com
Ian,Roberts,ianroberts@example.org
John,Williams,johnwilliams@example.org
Taylor,Short,taylorshort@example.net
Jonathan,Hall,jonathanhall@example.net
Keith,Stevens,keithstevens@example.org
Andre,Carter,andrecarter@example.org
Hannah,Morales,hannahmorales@example.org
Kimberly,Stewart,kimberlystewart@example.net
Justin,Banks,justinbanks@example.com
Stephanie,Ray,stephanieray@example.org
Ralph,Knapp,ralphknapp@example.org
Andrew,Phillips,andrewphillips@example.org
Amy,Meza,amymeza@example.org
Richard,Armstrong,richardarmstrong@example.net
Joseph,Waters,josephwaters@example.net
Dennis,Sampson,dennissampson@example.net
Scott,Harper,scottharper@example.net
Susan,Smith,susansmith@example.org
Christopher,Johnston,christopherjohnston@example.org
Wanda,Price,wandaprice@example.com
Ashley,Austin,ashleyaustin@example.org
Kathryn,Hill,kathrynhill@example.net
Breanna,Ross,breannaross@example.net
Danielle,Dixon,danielledixon@example.com
Tamara,Williams,tamarawilliams@example.com
Bryan,Harvey,bryanharvey@example.net
Kara,Manning,karamanning@example.com
Benjamin,Atkinson,benjaminatkinson@example.net
Ashley,Moore,ashleymoore@example.com
Carrie,Hunter,carriehunter@example.org
Austin,Ware,austinware@example.org
Randy,Dominguez,randydominguez@example.com
Katelyn,Kim,katelynkim@example.com
John,Smith,johnsmith@example.net
Jamie,Brown,jamiebrown@example.com
Mary,Reynolds,maryreynolds@example.com
Jeffrey,Jones,jeffreyjones@example.org
John,Baldwin,johnbaldwin@example.com
Dennis,Martin,dennismartin@example.com
Kathryn,Perez,kathrynperez@example.com
Joshua,Spencer,joshuaspencer@example.net
Michelle,Santiago,michellesantiago@example.org
Wendy,Johnson,wendyjohnson@example.net
Angela,Manning,angelamanning@example.org
Lance,Patel,lancepatel@example.org
Gerald,Thompson,geraldthompson@example.com
David,Webb,davidwebb@example.net
Paul,Wade,paulwade@example.net
Melanie,Johnson,melaniejohnson@example.net
Robert,Davis,robertdavis@example.com
Mark,Fisher,markfisher@example.com
Ruth,Herrera,ruthherrera@example.com
James,Chaney,jameschaney@example.net
Karen,Weber,karenweber@example.com
Darrell,Cabrera,darrellcabrera@example.org
Mikayla,Anderson,mikaylaanderson@example.org
David,Hunter,davidhunter@example.net
Alexandra,Ramos,alexandraramos@example.net
Megan,Odonnell,meganodonnell@example.net
Kenneth,Martinez,kennethmartinez@example.com
Abigail,Smith,abigailsmith@example.com
Dana,Frost,danafrost@example.com
Virginia,Perry,virginiaperry@example.com
Troy,Luna,troyluna@example.net
Jennifer,Norris,jennifernorris@example.net
Elizabeth,Mckinney,elizabethmckinney@example.net
Joshua,Mclaughlin,joshuamclaughlin@example.org
Karen,Ramos,karenramos@example.net
Eric,Sharp,ericsharp@example.net
Nicole,Sherman,nicolesherman@example.net
Walter,Sanchez,waltersanchez@example.net
Joseph,Sanchez,josephsanchez@example.org
Bridget,Anthony,bridgetanthony@example.com
Jason,Bell,jasonbell@example.com
Ryan,Lewis,ryanlewis@example.com
Brittany,Jones,brittanyjones@example.net
Brandon,Martin,brandonmartin@example.org
Matthew,Green,matthewgreen@example.org
Madison,Brown,madisonbrown@example.org
Shirley,Scott,shirleyscott@example.com
John,Norris,johnnorris@example.org
Jeffery,Hall,jefferyhall@example.org
Drew,Scott,drewscott@example.net
Megan,Porter,meganporter@example.org
Roberto,Hernandez,robertohernandez@example.com
Michele,Stewart,michelestewart@example.com
Jeremy,Price,jeremyprice@example.org
Joanna,Bradley,joannabradley@example.net
David,Becker,davidbecker@example.org
Steven,Sullivan,stevensullivan@example.com
Nicholas,Wade,nicholaswade@example.net
Andrea,Murphy,andreamurphy@example.net
Rebecca,Ramirez,rebeccaramirez@example.org
Juan,Davis,juandavis@example.com
Joseph,Williams,josephwilliams@example.org
Kristen,Lane,kristenlane@example.org
Luis,Anderson,luisanderson@example.net
Tiffany,Owens,tiffanyowens@example.com
James,Valdez,jamesvaldez@example.com
Mary,Smith,marysmith@example.org
Reginald,Rodriguez,reginaldrodriguez@example.net
Vanessa,Buck,vanessabuck@example.org
George,Taylor,georgetaylor@example.com
Francisco,Tucker,franciscotucker@example.net
Wendy,Griffin,wendygriffin@example.com
Alison,Thompson,alisonthompson@example.com
Kelly,Johnson,kellyjohnson@example.com
Jane,Villarreal,janevillarreal@example.net
Gary,Petersen,garypetersen@example.net
Penny,Ruiz,pennyruiz@example.net
Russell,Lewis,russelllewis@example.net
Trevor,Yoder,trevoryoder@example.org
Maria,Johnson,mariajohnson@example.org
Matthew,Adams,matthewadams@example.org
Tiffany,Wong,tiffanywong@example.com
Kathryn,Brown,kathrynbrown@example.org
Paul,Jones,pauljones@example.com
Patrick,Evans,patrickevans@example.net
Nathan,Cummings,nathancummings@example.org
Jennifer,Mitchell,jennifermitchell@example.org
Francisco,Smith,franciscosmith@example.org
Joshua,Cox,joshuacox@example.com
Scott,Russell,scottrussell@example.org
Jodi,Booker,jodibooker@example.com
Diane,Barnes,dianebarnes@example.net
Monique,Velasquez,moniquevelasquez@example.com
Charles,Phillips,charlesphillips@example.org
Sandra,Garcia,sandragarcia@example.org
Stephen,Steele,stephensteele@example.com
Wyatt,Smith,wyattsmith@example.org
Lauren,Barry,laurenbarry@example.org
Michael,Gibson,michaelgibson@example.org
Jillian,Nelson,jilliannelson@example.net
Shawn,Diaz,shawndiaz@example.com
Alyssa,Peck,alyssapeck@example.org
Amber,Chavez,amberchavez@example.org
John,Short,johnshort@example.com
Mitchell,Simon,mitchellsimon@example.net
Christopher,Alvarado,christopheralvarado@example.com
Victoria,Moss,victoriamoss@example.com
Carol,Henry,carolhenry@example.org
Christian,Franklin,christianfranklin@example.net
Jordan,Tucker,jordantucker@example.org
Jennifer,Norton,jennifernorton@example.com
Katie,Williams,katiewilliams@example.org
Jennifer,Cannon,jennifercannon@example.net
James,Eaton,jameseaton@example.org
Cindy,Thomas,cindythomas@example.com
Anna,Walters,annawalters@example.com
William,Morales,williammorales@example.org
Manuel,Lewis,manuellewis@example.org
Jamie,Montes,jamiemontes@example.org
Anna,Owens,annaowens@example.net
Jacqueline,Randolph,jacquelinerandolph@example.org
Nicole,Black,nicoleblack@example.net
Hunter,Weber,hunterweber@example.net
Debra,Johnson,debrajohnson@example.com
Alejandro,Campbell,alejandrocampbell@example.com
Jose,Walters,josewalters@example.com
April,Patel,aprilpatel@example.com
Jeffrey,Evans,jeffreyevans@example.com
Wendy,Turner,wendyturner@example.org
Jasmine,Jones,jasminejones@example.org
Mary,Buchanan,marybuchanan@example.org
Alison,Cooper,alisoncooper@example.net
Allen,White,allenwhite@example.org
Jessica,Williams,jessicawilliams@example.org
Lauren,Ryan,laurenryan@example.net
Rodney,Richards,rodneyrichards@example.com
Julie,Williamson,juliewilliamson@example.com
Michael,Martinez,michaelmartinez@example.net
Jeffrey,Flores,jeffreyflores@example.com
Jeremy,Williams,jeremywilliams@example.org
Christopher,Gill,christophergill@example.net
Marilyn,Reid,marilynreid@example.net
Daniel,Thomas,danielthomas@example.net
Brian,Crawford,briancrawford@example.com
Antonio,Thomas,antoniothomas@example.com
Joseph,Peterson,josephpeterson@example.com
Richard,Holden,richardholden@example.org
Bonnie,Griffith,bonniegriffith@example.org
Karen,Jimenez,karenjimenez@example.com
Christopher,Page,christopherpage@example.com
Heather,Solomon,heathersolomon@example.net
Catherine,Briggs,catherinebriggs@example.com
Brandy,Haynes,brandyhaynes@example.net
Travis,Mosley,travismosley@example.org
Natalie,Fields,nataliefields@example.net
Allison,Olson,allisonolson@example.com
Steven,Thomas,steventhomas@example.net
Susan,Hanna,susanhanna@example.net
Crystal,Huerta,crystalhuerta@example.net
Allison,Collins,allisoncollins@example.net
Megan,Garcia,megangarcia@example.net
Rachel,Torres,racheltorres@example.net
Chelsea,Larson,chelsealarson@example.com
Brittany,Calhoun,brittanycalhoun@example.net